Товар наименование;код товара;цена;Остаток;код склада
SHIVAKI TV LED S32KH5500  black;15640;75141;0;2
SHIVAKI TV LED S32KH5500  black;15640;73891;2;3
SHIVAKI TV LED US43H3501steel;14818;125304;11;4
SHIVAKI TV LED US43H3501steel;14818;125304;3;17
SHIVAKI TV LED US43H3501steel;14818;125789;0;1
SHIVAKI TV LED US43H3501steel;14818;125789;0;2
SHIVAKI TV LED US43H3501steel;14818;125304;0;3
Плоскопанельный телевизор VESTA V32LH4300 black;17679;63262;1;17
Плоскопанельный телевизор VESTA V32LH4300 black;17679;58900;0;2
Вентилятор напольный Centek CT-5004 Gray   <40Вт> 2 шт/уп., LED, 43см, 1.25 м, лучевая решетка;11428;11899;0;4
Вентилятор напольный Centek CT-5004 Gray   <40Вт> 2 шт/уп., LED, 43см, 1.25 м, лучевая решетка;11428;11990;0;2
Вентилятор напольный Centek CT-5004 Gray   <40Вт> 2 шт/уп., LED, 43см, 1.25 м, лучевая решетка;11428;7000;0;3
Вентилятор напольный Centek CT-5015 Blue   <40Вт> LED, 43см, 1.25м, 3 скорости, автоповорот;11430;14980;14;4
Вентилятор напольный Centek CT-5015 Blue   <40Вт> LED, 43см, 1.25м, 3 скорости, автоповорот;11430;15990;0;2
Вентилятор напольный Centek CT-5015 Blue   <40Вт> LED, 43см, 1.25м, 3 скорости, автоповорот;11430;14980;3;3
Вентилятор напольный Centek CT-5015 Gray   <40Вт> LED, 43см, 1.25м, 3 скорости, автоповорот;11431;15386;12;4
Вентилятор напольный Centek CT-5015 Gray   <40Вт> LED, 43см, 1.25м, 3 скорости, автоповорот;11431;16300;1;1
Вентилятор напольный Centek CT-5015 Gray   <40Вт> LED, 43см, 1.25м, 3 скорости, автоповорот;11431;16428;0;2
Вентилятор напольный Centek CT-5015 Gray   <40Вт> LED, 43см, 1.25м, 3 скорости, автоповорот;11431;15386;1;3
Вентилятор настольный Centek CT-5003 BLUE (синий)  <20 Вт> диам: 19 см, металическая решётка, клипса;11527;6300;0;2
"Вентилятор напольный ""making Оasis everywhere"" серия VF-40PB (1 шт в коробке)";19808;8500;1;1
"Вентилятор напольный ""making Оasis everywhere"" серия VF-40PB (1 шт в коробке)";19808;8500;2;2
"Вентилятор напольный ""making Оasis everywhere"" серия VF-40PWB ( 4 шт в коробке)";19676;6400;8;2
"Вентилятор напольный ""making Оasis everywhere"" серия VF-40PWB (2шт в коробке)";19675;7300;4;2
"Вентилятор напольный ""making Оasis everywhere"" серия VF-40PWG (2шт в коробке)";19677;7300;0;2
"Вентилятор напольный ""making Оasis everywhere"" серия VF-40TMB";19678;12800;5;2
"Вентилятор напольный ""making Оasis everywhere"" серия VF-40TMW";19680;13900;5;2
"Вентилятор напольный ""making Оasis everywhere"" серия VF-40TW (1 шт в кор)";19684;10900;5;2
"Вентилятор напольный ""making Оasis everywhere"" серия VF-40ТB ( 1шт в коробке)";19683;10600;5;2
"Вентилятор настольный ""making Оasis everywhere"" серия VT-25W2 (2 шт в кор)";19681;6800;3;2
"Вентилятор настольный ""making Оasis everywhere"" серия VT-30W3";19682;7500;0;1
"Вентилятор настольный ""making Оasis everywhere"" серия VT-30W3";19682;7500;0;2
LEX EDM 071 IX духовой шкаф;14570;135190;1;4
LEX EDM 071 IX духовой шкаф;14570;135200;2;2
LEX EDM 071 IX духовой шкаф;14570;135190;1;3
"Духовой шкаф электрический ""making Oasis everywhere"" D-MB5 (V)";14682;142119;0;2
"Духовой шкаф электрический ""making Oasis everywhere"" D-MB5 (V)";14682;141480;1;3
"Духовой шкаф электрический ""making Oasis everywhere"" D-MB5";18434;142580;1;2
"Кухонная газовая варочная поверхность ART-Moderno I64-1040"" inox";19305;68426;3;4
"Кухонная газовая варочная поверхность ART-Premio I75-1020"" inox";19307;89040;2;4
"Кухонная газовая варочная поверхность Moderno A64-0030"" inox";19308;62440;4;4
"Кухонная газовая варочная поверхность""Premio i64-1030"" inox";19304;80140;3;4
"Варочная панель газовая ""making Oasis everywhere P-EW";19672;65400;1;2
"Варочная панель газовая ""making Oasis everywhere"" P-EW";18002;50800;0;2
"Варочная панель газовая ""making Oasis everywhere"" P-GBD";18003;54400;1;2
"Варочная панель газовая ""making Oasis everywhere"" P-GWD";18004;58500;1;2
"Варочная панель газовая ""making Oasis everywhere"" P-GWR";17407;87990;1;2
"Варочная панель газовая ""making Oasis everywhere"" P-GWTT (F)";10778;134990;1;2
"Варочная панель газовая ""making Oasis everywhere"" P-MBK31";17408;75680;4;2
"Варочная панель газовая ""making Oasis everywhere"" P-MBK31";17408;75680;1;3
"Варочная панель газовая ""making Oasis everywhere"" P-MBRT (B)";14213;71989;1;2
"Варочная панель электрическая ""making Oasis everywhere"" P-3SB";18431;72670;0;2
"Варочная панель электрическая ""making Oasis everywhere"" P-SB";11164;75240;11;2
"Варочная панель электрическая ""making Oasis everywhere"" P-SB";11164;75240;2;3
"Варочная панель электрическая ""making Oasis everywhere"" P-SWS (М)";15340;247662;2;2
Вытяжка Artel ART 0760 Prima  beige;16543;41574;4;4
Вытяжка Artel ART 0760 Prima  beige;16543;46300;0;2
Вытяжка Centek CT-1840-50 Black (черный)  ширина 50см. СЛАЙДЕР, 600 м3/час (67 Вт), 2 скорости, LED;16073;42880;3;4
Вытяжка Centek CT-1840-50 Black (черный)  ширина 50см. СЛАЙДЕР, 600 м3/час (67 Вт), 2 скорости, LED;16073;42880;1;1
Вытяжка Centek CT-1840-50 Black (черный)  ширина 50см. СЛАЙДЕР, 600 м3/час (67 Вт), 2 скорости, LED;16073;42880;1;2
"Вытяжка кухонная ""making Оasis everywhere"" UV - 50 G (F)";10793;39900;0;2
"Вытяжка кухонная ""making Оasis everywhere"" UV - 50 G (F)";10793;38870;1;3
"Вытяжка кухонная ""making Оasis everywhere"" UV - 50 I (F)";7588;38060;1;1
"Вытяжка кухонная ""making Оasis everywhere"" UV - 50 I (F)";7588;32830;0;2
"Вытяжка кухонная ""making Оasis everywhere"" UV - 50 I (F)";7588;38060;1;3
"Вытяжка кухонная ""making Оasis everywhere"" UV - 50 S (F)";7589;37800;2;2
"Вытяжка кухонная ""making Оasis everywhere"" UV - 50G (F)";9494;38800;0;2
"Вытяжка кухонная ""making Оasis everywhere"" UV - 60G (F)";11160;39900;0;1
"Вытяжка кухонная ""making Оasis everywhere"" UV - 60G (F)";11160;39900;2;2
"Вытяжка кухонная ""making Оasis everywhere"" UP - 50 I (V)";14676;29600;2;2
"Вытяжка кухонная ""making Оasis everywhere"" NC-50B";16686;51900;2;2
"Вытяжка кухонная ""making Оasis everywhere"" NC-60W";16690;55049;1;2
"Вытяжка кухонная ""making Оasis everywhere"" NF - 60G (FR)";16683;74470;2;2
"Вытяжка кухонная ""making Оasis everywhere"" NF - 60W (FR)";16684;76880;2;2
"Вытяжка кухонная ""making Оasis everywhere"" NP - 60 W (FR)";16115;54400;2;2
"Вытяжка кухонная ""making Оasis everywhere"" KB- 50S";19671;36800;1;2
Сплит система ART-12HME32;14729;170980;1;2
Сплит-Система В-12FPR-IK/B-12FPQ-IK;19048;136789;5;4
Сплит-Система В-24FPR-IK/B-24FPQ-IK;19050;254615;3;4
Плита бытовая FLAMA RG24019-W;672;68705;241;17
Плита бытовая FLAMA RG24019-W;672;71000;0;2
Плита бытовая FLAMA RG24019-W;672;71000;0;15
Плита бытовая FLAMA RK23-121-W;272;108490;17;17
Плита бытовая FLAMA RK23-121-W;272;69580;0;2
Плита газовая SHIVAKI APETITO 01-G grey;14404;100470;8;4
Плита газовая SHIVAKI APETITO 01-G grey;14404;101500;0;2
Плита газовая SHIVAKI APETITO 10-G brown (коричневый);14227;86016;6;4
Плита газовая SHIVAKI APETITO 10-G brown (коричневый);14227;86016;1;17
Плита газовая SHIVAKI APETITO 10-G brown (коричневый);14227;86968;0;2
Плита газовая SHIVAKI APETITO 10-G серый;14019;87031;3;4
Плита газовая SHIVAKI APETITO 10-G серый;14019;91300;0;2
Плита газовая SHIVAKI APETITO 10-G серый;14019;91300;0;3
Плита газовая SHIVAKI APETITO 50 10-G  white;14260;75126;1;17
Плита газовая SHIVAKI APETITO 50 10-G  white;14260;75600;0;2
Плита газовая SHIVAKI APETITO 50 10-G  white;14260;75600;0;3
Плита газовая SHIVAKI OTTIMA G белый;11840;70654;1;4
Плита газовая SHIVAKI OTTIMA G белый;11840;70654;1;1
Плита газовая SHIVAKI OTTIMA G белый;11840;70654;9;2
Плита газовая SHIVAKI OTTIMA G белый;11840;70654;4;3
Плита газовая SHIVAKI OTTIMA G серый;14110;82213;20;4
Плита газовая SHIVAKI OTTIMA G серый;14110;72890;0;2
Плита газовая SHIVAKI OTTIMA G серый;14110;82224;0;3
APETITO 00-E brown SHIVAKI газоэлектрическая плита;11832;89890;3;17
APETITO 00-E brown SHIVAKI газоэлектрическая плита;11832;89890;0;2
APETITO 00-E brown SHIVAKI газоэлектрическая плита;11832;89890;2;3
APETITO 01-E  brown SHIVAKI газоэлектрическая плита;14168;101730;2;17
APETITO 01-E  brown SHIVAKI газоэлектрическая плита;14168;106390;0;2
APETITO 01-E grey SHIVAKI газоэлектрическая плита;11860;102390;2;1
APETITO 01-E grey SHIVAKI газоэлектрическая плита;11860;102390;4;2
APETITO 01-E grey SHIVAKI газоэлектрическая плита;11860;102390;4;3
APETITO 10-E белый SHIVAKI  газоэлектрическая плита;11862;90745;1;4
APETITO 10-E белый SHIVAKI  газоэлектрическая плита;11862;90745;1;2
APETITO 10-E белый SHIVAKI  газоэлектрическая плита;11862;90745;3;3
APETITO 10-E серый SHIVAKI газоэлектрическая плита;14020;90824;7;4
APETITO 10-E серый SHIVAKI газоэлектрическая плита;14020;90835;0;2
APETITO 10-E серый SHIVAKI газоэлектрическая плита;14020;90835;0;3
DOLCE 01-EX white  SHIVAKI газоэлектическая плита;14234;101757;2;1
DOLCE 01-EX white  SHIVAKI газоэлектическая плита;14234;101757;13;2
DOLCE 01-EX white  SHIVAKI газоэлектическая плита;14234;101757;7;3
MILAGRO 00-Е brown SHIVAKI газоэлектрическая плита;14121;100480;4;17
MILAGRO 00-Е brown SHIVAKI газоэлектрическая плита;14121;102990;0;2
MILAGRO 00-Е brown SHIVAKI газоэлектрическая плита;14121;100480;1;3
MILAGRO 10-Е white SHIVAKI газоэлектрическая плита;11864;102625;0;17
MILAGRO 10-Е white SHIVAKI газоэлектрическая плита;11864;101842;2;1
MILAGRO 10-Е white SHIVAKI газоэлектрическая плита;11864;101842;6;2
MILAGRO 10-Е white SHIVAKI газоэлектрическая плита;11864;101842;4;3
MILAGRO 10-Е бежевый (3 газ + 1 электро) SHIVAKI  газоэлектрическая плита;11863;123749;4;4
MILAGRO 10-Е бежевый (3 газ + 1 электро) SHIVAKI  газоэлектрическая плита;11863;123749;0;1
MILAGRO 10-Е бежевый (3 газ + 1 электро) SHIVAKI  газоэлектрическая плита;11863;123749;9;2
MILAGRO 10-Е бежевый (3 газ + 1 электро) SHIVAKI  газоэлектрическая плита;11863;135000;0;3
COMARELLA 01-E grey плита электрическая SHIVAKI;14174;107290;11;4
COMARELLA 01-E grey плита электрическая SHIVAKI;14174;107290;0;2
Блендер Centek CT-1319 BLACK (черн) 1000Вт, НАСАДКА СТАЛЬ, стакан 700мл, чоппер 500 мл, венчик;10273;17220;7;4
Блендер Centek CT-1319 BLACK (черн) 1000Вт, НАСАДКА СТАЛЬ, стакан 700мл, чоппер 500 мл, венчик;10273;17220;3;2
Блендер Centek CT-1319 BLACK (черн) 1000Вт, НАСАДКА СТАЛЬ, стакан 700мл, чоппер 500 мл, венчик;10273;17220;2;3
Блендер Centek CT-1336 (белый/серый) 800Вт DC мотор, стальная насадка, стакан 600мл, чоппер, венчик;10275;11857;4;4
Блендер Centek CT-1336 (белый/серый) 800Вт DC мотор, стальная насадка, стакан 600мл, чоппер, венчик;10275;11269;7;2
Блендер Centek CT-1341 <White>  600Вт  Турбо режим, специальная заточка лезвий;10282;5190;4;4
Блендер Centek CT-1341 <White>  600Вт  Турбо режим, специальная заточка лезвий;10282;5178;1;2
Блендер Centek CT-1342 (черн/сталь)1400Вт, 2 скорости +плавный регулятор, чоппер 500мл, стакан 600мл;10283;19400;3;4
Блендер Centek CT-1342 (черн/сталь)1400Вт, 2 скорости +плавный регулятор, чоппер 500мл, стакан 600мл;10283;19400;2;2
Блендер Centek CT-1344 <White>  600Вт, турбо режим, специальная заточка лезвий, стакан 600мл;10284;7499;6;4
Блендер Centek CT-1344 <White>  600Вт, турбо режим, специальная заточка лезвий, стакан 600мл;10284;7499;2;2
Блендер настольный Centek CT-1348 (Бежевый) <600 Вт> стакан 1.5л, 2 скорости + Pulse, 4 лезвия;11892;13500;0;2
Блендер настольный Centek CT-1348 (Бежевый) <600 Вт> стакан 1.5л, 2 скорости + Pulse, 4 лезвия;11892;13720;1;3
Чоппер Centek CT-1390 BLACK (черн) 300Вт, стакан 350 мл, импульсный режим работы;11345;7756;6;2
Чоппер Centek CT-1390 WHITE (бел) 300Вт, стакан 350 мл, импульсный режим работы;11346;7756;5;2
Чоппер Centek CT-1391 Black (черн) 350Вт, стакан 500 мл, НАСАДКА ДЛЯ СЛИВОК, турбо +импульсный режим;10915;10620;1;4
Чоппер Centek CT-1391 Black (черн) 350Вт, стакан 500 мл, НАСАДКА ДЛЯ СЛИВОК, турбо +импульсный режим;10915;8600;0;2
Чоппер Centek CT-1392 Сталь <600Вт> 6 лезвий, стеклянная чаша 1,2л, разборные ножи;14077;22390;5;4
Чоппер Centek CT-1392 Сталь <600Вт> 6 лезвий, стеклянная чаша 1,2л, разборные ножи;14077;22496;0;2
Погружной блендер Oasis BL-150B;17612;21302;2;2
Погружной блендер Oasis BL-150B;17612;21302;1;3
Блендер WILLMARK WHB-1032BS  погружной (800 Вт, турбо режим, левзия из нерж.стали);19055;8481;2;4
Блендер WILLMARK WHB-1032BS  погружной (800 Вт, турбо режим, левзия из нерж.стали);19055;8482;3;2
Блендер WILLMARK WHB-1153WS  погружной (1000 Вт, турбо режим, левзия из нерж.стали);19092;12128;3;2
Блендер WILLMARK WHB-1153WS  погружной (1000 Вт, турбо режим, левзия из нерж.стали);19092;12118;2;3
Блендер погружной WILLMARK WHB-1150PS (500Вт,регул. скорости,турбо режим,Soft touch, бордовый;19057;5938;1;4
Блендер погружной WILLMARK WHB-1155BS(soft touch,стак.600мл.,венчик, нас.пюре,измельч, черный 1000W;19058;26055;3;4
Блендер погружной WILLMARK WHB-1155BS(soft touch,стак.600мл.,венчик, нас.пюре,измельч, черный 1000W;19058;26065;3;2
Бритва Centek CT-2176 (черн/хром) ротор, 3 плавающие головки, аккумулятор + работа от сети, триммер;11742;8089;2;4
Бритва Centek CT-2176 (черн/хром) ротор, 3 плавающие головки, аккумулятор + работа от сети, триммер;11742;9195;0;2
Гриль-вафельница Centek CT-1448  800 Вт ГРИЛЬ <226х148.5мм> анти пригарное покрытие, max 220°С;11110;9769;4;4
Гриль-вафельница Centek CT-1448  800 Вт ГРИЛЬ <226х148.5мм> анти пригарное покрытие, max 220°С;11110;9769;9;2
Гриль-вафельница Centek CT-1448  800 Вт ГРИЛЬ <226х148.5мм> анти пригарное покрытие, max 220°С;11110;9769;1;3
Весы кухонные Centek CT-2462 (Серебристый) электронные, стеклянные, LCD, 190х200 мм, max 5кг, шаг 1г;15433;7363;2;4
Весы кухонные Centek CT-2462 (Серебристый) электронные, стеклянные, LCD, 190х200 мм, max 5кг, шаг 1г;15433;4600;0;2
Весы кухонные Centek CT-2462 (Черри) электронные, стеклянные, LCD, 190х200 мм, max 5кг, шаг 1г;11773;9989;3;4
Весы кухонные Centek CT-2462 (Черри) электронные, стеклянные, LCD, 190х200 мм, max 5кг, шаг 1г;11773;4600;0;2
Весы кухонные WILLMARK WKS-318B (макс 5кг.,вычет веса тары, индик.перегрузки, закаленное стекло) (Яг;19098;3790;1;2
Весы кухонные WILLMARK WKS-318B (макс 5кг.,вычет веса тары, индик.перегрузки, закаленное стекло) (Яг;19098;3789;2;3
Весы кухонные WILLMARK WKS-511D (5кг., 385г, 203*153мм, цвета в ассортименте) (Лайм);19099;4037;3;2
Весы кухонные WILLMARK WKS-511D (5кг., 385г, 203*153мм, цвета в ассортименте) (Лайм);19099;4036;2;3
Весы напольные WILLMARK WBS-1809RD (макс.вес 180кг,индикац перегр,,без измер темп. низк заряд бат-и);19104;4613;2;2
Весы напольные WILLMARK WBS-1809RD (макс.вес 180кг,индикац перегр,,без измер темп. низк заряд бат-и);19104;4613;1;3
Кофеварка Centek CT-1144 <Steel>  капельная 680Вт,   800мл, капля стоп, съёмный фильтр, подогрев;11301;15000;3;4
Кофеварка Centek CT-1144 <Steel>  капельная 680Вт,   800мл, капля стоп, съёмный фильтр, подогрев;11301;11680;4;2
Кофеварка Centek CT-1166 <3в1> эспрессо+капучинатор +латте,1200Вт, 20 бар;17780;56746;1;4
Кофеварка Centek CT-1171 <3в1> эспрессо+капучинатор +латте,1200Вт, 20 бар;17783;38537;3;4
Кофеварка Centek CT-1171 <3в1> эспрессо+капучинатор +латте,1200Вт, 20 бар;17783;38553;0;2
Кофемолка Centek CT-1354 BL (черный) 200Вт, 70г, АВТОпомол (3 уровня), 3 LED индикатора;14549;12820;3;4
Кофемолка Centek CT-1354 BL (черный) 200Вт, 70г, АВТОпомол (3 уровня), 3 LED индикатора;14549;12890;0;2
Кофемолка Centek CT-1358 Violet (фиолет) 200Вт, 60 г, 6 ЧАШЕК АРОМАТНОГО КОФЕ, прозрачная крышка;11710;6699;1;4
Кофемолка Centek CT-1358 Violet (фиолет) 200Вт, 60 г, 6 ЧАШЕК АРОМАТНОГО КОФЕ, прозрачная крышка;11710;7950;0;2
Кофемолка Centek CT-1358 Violet (фиолет) 200Вт, 60 г, 6 ЧАШЕК АРОМАТНОГО КОФЕ, прозрачная крышка;11710;6699;2;3
Кофемолка Centek CT-1365 Black 250Вт, 165 мл, безопасная блокировка, стальн чаша, прозрачная крышка;11711;7089;4;4
Кофемолка Centek CT-1365 Black 250Вт, 165 мл, безопасная блокировка, стальн чаша, прозрачная крышка;11711;7078;2;2
Кофемолка Centek CT-1365 White  250Вт, 165 мл, безопасная блокировка, стальн чаша, прозрачная крышка;11712;9778;5;4
Кофемолка Centek CT-1365 White  250Вт, 165 мл, безопасная блокировка, стальн чаша, прозрачная крышка;11712;6600;0;2
Ванночка для ног Centek CT-2604 65 Вт, 3режима, инфракрасный авто.подогрев,вибромассаж;15438;16040;2;4
Ванночка для ног Centek CT-2604 65 Вт, 3режима, инфракрасный авто.подогрев,вибромассаж;15438;29335;0;2
Машинка для стрижки Centek CT-2129 (чер/зол)  срез 0...12мм, производительный мотор, шнур 1.8м;14058;4399;5;4
Машинка для стрижки Centek CT-2129 (чер/зол)  срез 0...12мм, производительный мотор, шнур 1.8м;14058;6990;0;2
Машинка для стрижки Centek CT-2134 (чер/сталь)  3 насадки, USB зарядка, время работы 55 мин;11311;5191;3;4
Машинка для стрижки Centek CT-2134 (чер/сталь)  3 насадки, USB зарядка, время работы 55 мин;11311;5191;1;2
Машинка для стрижки Centek CT-2135 (черный) 9 Вт, длина шнура 1.8м,  4 насадки, премиум упак, щеточ.;14059;6119;3;4
Машинка для стрижки Centek CT-2135 (черный) 9 Вт, длина шнура 1.8м,  4 насадки, премиум упак, щеточ.;14059;6120;3;2
Миксер Centek CT-1114 (белый/серый) 350Вт, 6 скоростей+турбо, взбивание/замешивание;11113;9994;1;17
Миксер Centek CT-1114 (белый/серый) 350Вт, 6 скоростей+турбо, взбивание/замешивание;11113;9994;1;2
Миксер Centek CT-1114 (белый/серый) 350Вт, 6 скоростей+турбо, взбивание/замешивание;11113;9994;2;3
Миксер Centek CT-1115 (черный/хром) 350Вт, 6 скоростей+турбо, взбивание/замешивание;11114;7114;2;4
Миксер Centek CT-1115 (черный/хром) 350Вт, 6 скоростей+турбо, взбивание/замешивание;11114;7059;0;2
Миксер Centek CT-1115 (черный/хром) 350Вт, 6 скоростей+турбо, взбивание/замешивание;11114;7081;2;3
Миксер Centek CT-1127 (син/черн) 250Вт, 5 скоростей, взбивание/замешивание, экол. пластик. корпус;14867;5845;5;4
Миксер Centek CT-1127 (син/черн) 250Вт, 5 скоростей, взбивание/замешивание, экол. пластик. корпус;14867;11490;1;17
Миксер Centek CT-1127 (син/черн) 250Вт, 5 скоростей, взбивание/замешивание, экол. пластик. корпус;14867;5812;3;2
Миксер Centek CT-1127 (син/черн) 250Вт, 5 скоростей, взбивание/замешивание, экол. пластик. корпус;14867;6280;1;3
Миксер Centek CT-1127 (черн/беж) 250Вт, 5 скоростей, взбивание/замешивание, экол. пластик. корпус;14868;5735;4;4
Миксер Centek CT-1127 (черн/беж) 250Вт, 5 скоростей, взбивание/замешивание, экол. пластик. корпус;14868;11490;1;17
Миксер Centek CT-1127 (черн/беж) 250Вт, 5 скоростей, взбивание/замешивание, экол. пластик. корпус;14868;5556;2;2
Миксер с чашей Centek CT-1107 (бел/сталь) 320Вт <стальная чаша 3.5л >  5 скоростей+турбо;11116;14020;2;4
Миксер с чашей Centek CT-1107 (бел/сталь) 320Вт <стальная чаша 3.5л >  5 скоростей+турбо;11116;14180;0;2
Миксер с чашей Centek CT-1107 (бел/сталь) 320Вт <стальная чаша 3.5л >  5 скоростей+турбо;11116;14020;1;3
Миксер с чашей Centek CT-1124 (черн/сталь) 600Вт, 5 скоростей +турбо, чаша 3.0л;11118;20665;2;4
Миксер с чашей Centek CT-1124 (черн/сталь) 600Вт, 5 скоростей +турбо, чаша 3.0л;11118;20665;0;17
Миксер с чашей Centek CT-1124 (черн/сталь) 600Вт, 5 скоростей +турбо, чаша 3.0л;11118;20118;1;2
Миксер с чашей Centek CT-1124 (черн/сталь) 600Вт, 5 скоростей +турбо, чаша 3.0л;11118;20118;1;3
Мультиварка Centek CT-1499 <чёрный/сталь>  900Вт, 5.0л, 25 программ, мультиповар, антиприг. покрыти;17306;25810;0;2
Мультиварка Centek CT-1499 <чёрный/сталь>  900Вт, 5.0л, 25 программ, мультиповар, антиприг. покрыти;17306;25790;2;3
Мультиварка OPTIMA MC-5101 (11 реж., Led-диспл., антиприг.покр.чаши, электр. упр.,аксесс.,5л,900Вт);19120;13725;1;2
Мясорубка Centek CT-1606 3000Bт, алюм. корпус, 3 диска, алюм.лоток, насадки колбас и кеббе, 3кг/мин;17282;52820;1;2
Мясорубка Centek CT-1623 <2000 Bт> 2 кг/мин, реверс, стальной коннектор, 2 диска, 2 насадки;11319;35665;2;4
Мясорубка Centek CT-1623 <2000 Bт> 2 кг/мин, реверс, стальной коннектор, 2 диска, 2 насадки;11319;39000;0;2
Мясорубка Centek CT-1623 <2000 Bт> 2 кг/мин, реверс, стальной коннектор, 2 диска, 2 насадки;11319;35665;1;3
Электромясорубка WILLMARK WMG-2512X (2000Вт, 2.1кг/мин, реверс, защита двиг., 2 реш.);19118;15870;2;4
Электромясорубка Аксион М 12.02;1350;25694;2;2
Электромясорубка Аксион М 12.02;1350;25694;2;3
Электромясорубка Аксион М 21.01;987;22720;2;4
Электромясорубка Аксион М 21.01;987;21027;0;2
Электромясорубка Аксион М 21.03;989;37910;2;4
Электромясорубка Аксион М 21.03;989;37990;0;2
Электромясорубка Аксион М 21.03;989;37910;1;3
Электромясорубка Аксион М 25.01;991;22025;5;17
Электромясорубка Аксион М 25.01;991;22025;3;1
Электромясорубка Аксион М 25.01;991;22025;2;2
Электромясорубка Аксион М 25.01;991;22025;3;3
Электромясорубка Аксион М 25.02;992;25820;2;17
Электромясорубка Аксион М 25.02;992;25880;3;1
Электромясорубка Аксион М 25.02;992;30000;3;2
Электромясорубка Аксион М 25.02;992;25860;3;3
Электромясорубка Аксион М 25.03;993;23750;0;2
Электромясорубка Аксион М 25.03;993;25870;1;3
Электромясорубка Аксион М 25.10;4120;21412;3;4
Электромясорубка Аксион М 25.10;4120;21412;2;2
Электромясорубка Аксион М 25.10;4120;21412;3;3
Электромясорубка Аксион М 31.01 с реверсом;995;25114;0;4
Электромясорубка Аксион М 31.01 с реверсом;995;23648;0;1
Электромясорубка Аксион М 31.01 с реверсом;995;23648;9;2
Электромясорубка Аксион М 31.01 с реверсом;995;23648;3;3
Электромясорубка Аксион М 31.01 с реверсом  в черном  корпусе;1016;31500;0;4
Электромясорубка Аксион М 31.01 с реверсом  в черном  корпусе;1016;31320;3;2
Электромясорубка Аксион М 31.01 с реверсом  в черном  корпусе;1016;31320;3;3
Электромясорубка Аксион М 31.02;2378;28355;2;4
Электромясорубка Аксион М 31.02;2378;28355;6;17
Электромясорубка Аксион М 31.02;2378;28355;2;1
Электромясорубка Аксион М 31.02;2378;28355;7;2
Электромясорубка Аксион М 31.03;2379;32820;3;17
Электромясорубка Аксион М 31.03;2379;32820;1;2
Электромясорубка Аксион М 31.03;2379;32820;3;3
Электромясорубка Аксион М 32.01 в желтом  корпусе;2642;22840;0;2
Электромясорубка Аксион М 32.01 в желтом  корпусе;2642;22920;1;3
Электромясорубка Аксион М 32.02;1002;28887;0;4
Электромясорубка Аксион М 32.02;1002;28466;5;17
Электромясорубка Аксион М 32.02;1002;28466;4;2
Электромясорубка Аксион М 32.03;1003;28672;5;17
Электромясорубка Аксион М 32.03;1003;33589;0;2
Электромясорубка Аксион М 33.01;2542;28000;0;2
Электромясорубка Аксион М 33.01;2542;25140;0;3
Электромясорубка Аксион М 33.04;4714;29898;2;4
Электромясорубка Аксион М 33.04;4714;29898;1;17
Электромясорубка Аксион М 33.04;4714;30262;1;1
Электромясорубка Аксион М 33.04;4714;30262;0;2
Электромясорубка Аксион М 33.04;4714;28100;0;3
Электромясорубка Аксион М 34.01;2981;22233;1;4
Электромясорубка Аксион М 34.01;2981;21694;10;17
Электромясорубка Аксион М 34.01;2981;22201;0;2
Электромясорубка Аксион М 34.01;2981;22201;2;3
Электромясорубка Аксион М 34.02;3426;28983;1;4
Электромясорубка Аксион М 34.02;3426;29383;0;2
Электромясорубка Аксион М 41.01;1355;31317;6;17
Электромясорубка Аксион М 41.01;1355;31317;3;2
Электромясорубка Аксион М 41.01;1355;31317;3;3
Электромясорубка Аксион М 41.02;2644;35054;2;17
Электромясорубка Аксион М 41.02;2644;41200;0;2
Электромясорубка Аксион М 41.02;2644;35316;3;3
Электромясорубка Аксион М 641.02;11597;50836;2;4
Электромясорубка Аксион М 641.02;11597;51495;0;2
Электромясорубра Аксион М 321.04;18686;41720;4;4
Электромясорубра Аксион М 34.03;4715;30090;2;4
Электромясорубра Аксион М 34.03;4715;30090;0;2
Электромясорубра Аксион М 34.03;4715;30090;2;3
Электромясорубра Аксион М 35.02;4717;28737;5;17
Электромясорубра Аксион М 35.02;4717;30030;6;2
Электромясорубра Аксион М 35.02;4717;30030;3;3
Электромясорубра Аксион М 35.04;10483;27020;1;4
Электромясорубра Аксион М 35.04;10483;27020;2;17
Электромясорубра Аксион М 35.04;10483;27799;0;2
Электромясорубра Аксион М 41.04;10961;36400;0;2
Электромясорубра Аксион М 41.04;10961;32579;3;3
Электромясорубра Аксион М 42.02;7411;59890;2;4
Электромясорубра Аксион М 42.02;7411;59890;6;17
Электромясорубра Аксион М 42.02;7411;59890;0;1
Электромясорубра Аксион М 42.02;7411;50861;0;2
Электромясорубра Аксион М 42.02;7411;59890;0;3
Электромясорубра Аксион М 42.04 в белом корпусе;14446;41652;2;4
Электромясорубра Аксион М 42.04 в белом корпусе;14446;43340;0;2
Электромясорубра Аксион М 43.02;16325;36020;2;4
Электромясорубра Аксион М 43.02;16325;36580;1;2
Электромясорубра Аксион М 61.01 в темно синем корпусе;10485;40404;1;4
Электромясорубра Аксион М 61.01 в темно синем корпусе;10485;40404;4;17
Электромясорубра Аксион М 61.01 в темно синем корпусе;10485;41767;0;1
Электромясорубра Аксион М 61.01 в темно синем корпусе;10485;41824;0;2
Электромясорубра Аксион М 61.01 в темно синем корпусе;10485;41899;0;3
Электромясорубра Аксион М 61.01 черно/серебристый металлик;10672;41930;1;4
Электромясорубра Аксион М 61.01 черно/серебристый металлик;10672;41930;3;17
Электромясорубра Аксион М 61.01 черно/серебристый металлик;10672;41930;1;2
Электромясорубра Аксион М 61.01 черно/серебристый металлик;10672;41930;3;3
Электромясорубра Аксион М 61.02 темно синий;9644;62608;1;4
Электромясорубра Аксион М 61.02 темно синий;9644;65800;0;2
Электромясорубра Аксион М 61.02 темно синий;9644;62608;3;3
Электромясорубра Аксион М 61.02 черно-серебристый корпус;9828;69460;2;4
Электромясорубра Аксион М 61.02 черно-серебристый корпус;9828;59790;0;2
Электромясорубра Аксион М 61.04 черно/серебристый металлик;10962;45365;2;4
Электромясорубра Аксион М 61.04 черно/серебристый металлик;10962;45365;1;2
Электромясорубра Аксион М 61.04 черно/серебристый металлик;10962;45365;2;3
Панель для мультипекаря REDMOND RGP-01 (гриль) черный;10144;25710;2;2
Пароварка Centek CT-1458  <9л>  1050Вт, стальной корпус, таймер 60 мин, 3 контейнера чаша для риса;15460;23020;2;4
Пароварка Centek CT-1458  <9л>  1050Вт, стальной корпус, таймер 60 мин, 3 контейнера чаша для риса;15460;23020;2;2
Пароварка Centek CT-1458  <9л>  1050Вт, стальной корпус, таймер 60 мин, 3 контейнера чаша для риса;15460;23020;3;3
Пароварка Centek CT-1459  <9л> 1050Вт, LED дисплей, сталь, корпус, элект.таймер, чаша д/риса;15461;28620;2;4
Пароварка Centek CT-1459  <9л> 1050Вт, LED дисплей, сталь, корпус, элект.таймер, чаша д/риса;15461;28620;6;2
Пароварка Centek CT-1459  <9л> 1050Вт, LED дисплей, сталь, корпус, элект.таймер, чаша д/риса;15461;28620;1;3
LR01-35-30 Сковорода LARA серия мюнхен 30см;18218;10590;2;4
Соковыжималка Centek CT-1212 (черный, сталь) 1200Вт, 2 скор. + Pulse, стакан 1100 мл, горловина 75мм;11723;31433;2;4
Соковыжималка Centek CT-1212 (черный, сталь) 1200Вт, 2 скор. + Pulse, стакан 1100 мл, горловина 75мм;11723;24798;0;2
Соковыжималка Centek CT-1214 (черный, сталь) 1500Вт, 2 скор., стакан 1100 мл, горловина 85мм;11724;27620;3;4
Соковыжималка Centek CT-1214 (черный, сталь) 1500Вт, 2 скор., стакан 1100 мл, горловина 85мм;11724;18730;0;2
Соковыжималка Аксион СЦ 32.01черная;9827;45628;2;4
Соковыжималка Аксион СЦ 32.01черная;9827;45628;4;2
Электросоковыжималка Аксион СЦ32.01;1041;37515;1;4
Электросоковыжималка Аксион СЦ32.01;1041;29300;0;2
Сушилка для овощей Centek CT-1650, 270Вт, 5 поддонов, электронное управление, таймер 72 ч, автооткл.;11901;36530;2;4
Сушилка для овощей Centek CT-1650, 270Вт, 5 поддонов, электронное управление, таймер 72 ч, автооткл.;11901;36530;1;2
Сушилка для овощей Centek CT-1650, 270Вт, 5 поддонов, электронное управление, таймер 72 ч, автооткл.;11901;36530;3;3
Сушилка для овощей Centek CT-1660, ОБЪЁМ 20 л, 5 поддонов, 520Вт, регулировка  температуры;14872;43331;2;4
Сушилка для овощей Centek CT-1660, ОБЪЁМ 20 л, 5 поддонов, 520Вт, регулировка  температуры;14872;39180;0;2
Сушилка для овощей Centek CT-1660, ОБЪЁМ 20 л, 5 поддонов, 520Вт, регулировка  температуры;14872;43331;1;3
Термопот Centek CT-1081 6.0л, 850Вт, рисунок на корпусе, 2 способа подачи воды, двойная защита;14612;29361;4;4
Термопот Centek CT-1081 6.0л, 850Вт, рисунок на корпусе, 2 способа подачи воды, двойная защита;14612;29381;0;2
Термопот Oasis TP-4L2;18446;16589;4;2
Термопот Oasis TP-4L3;18447;19090;2;2
Термопот Oasis TP-5L2;18448;18877;3;2
Термопот Oasis TP-5L3;18449;21068;3;2
Поттер OPTIMA AP-433R (4.3л, 3 сп. нал. воды,бак из нерж.стали, белый пластик, 800Вт);19127;16984;3;2
Поттер OPTIMA AP-433R (4.3л, 3 сп. нал. воды,бак из нерж.стали, белый пластик, 800Вт);19127;16974;1;3
Поттер WILLMARK WAP-602CKL (6,3л, 2 сп. нал. воды,повт. кипячение, 900Вт, цвета в ассортименте) (Бор;19133;27589;4;2
Поттер WILLMARK WAP-602CKL (6,3л, 2 сп. нал. воды,повт. кипячение, 900Вт, цвета в ассортименте) (Бор;19133;27579;1;3
Тостер Centek CT-1422 Gray 850Вт, 7 ур. прожарки, 2 тоста, поддон, стоп, подогрев, разморозка;17302;14919;1;2
Эпилятор Centek CT-2195 (белый)  5Вт, 4 насадки, LED подсв./индикат., Li-Ion, 1200 мАч, 3 режима раб;11750;9956;1;2
Эпилятор Centek CT-2195 (белый)  5Вт, 4 насадки, LED подсв./индикат., Li-Ion, 1200 мАч, 3 режима раб;11750;9956;2;3
Ультразвуковой увлажнитель воздуха Centek СТ-5101 BLUE   <300мл/ч> 8.5ч работы, 2,5л, 30м2;10919;13126;3;4
Ультразвуковой увлажнитель воздуха Centek СТ-5101 BLUE   <300мл/ч> 8.5ч работы, 2,5л, 30м2;10919;13990;0;2
Отпариватель Centek CT-2370 (черн/красн) 2000Вт, 1.6л, 30г/мин, керамика, вешалка, регулятор мощн.;10867;72984;3;4
Отпариватель Centek CT-2370 (черн/красн) 2000Вт, 1.6л, 30г/мин, керамика, вешалка, регулятор мощн.;10867;46700;0;2
Отпариватель Centek CT-2370 (черн/красн) 2000Вт, 1.6л, 30г/мин, керамика, вешалка, регулятор мощн.;10867;72984;1;3
Отпариватель Centek CT-2372 (малиновый) 2200Вт, 1.5л, 45г/мин, 6 режимов, ДВОЙНАЯ ШТАНГА;14064;45920;3;4
Отпариватель Centek CT-2372 (малиновый) 2200Вт, 1.5л, 45г/мин, 6 режимов, ДВОЙНАЯ ШТАНГА;14064;56300;0;2
Отпариватель Centek CT-2379 (розовый) 2200Вт, 2.5л БОЛЬШОЙ БАК, 40г/мин,10 режимов, алюм.штанга;14065;86862;3;4
Отпариватель Centek CT-2379 (розовый) 2200Вт, 2.5л БОЛЬШОЙ БАК, 40г/мин,10 режимов, алюм.штанга;14065;45300;0;2
Утюг Centek CT-2311 <RED> 3000Вт, 450мл, керамика, капля-стоп, антинакипь, самоочистка;10401;14920;4;4
Утюг Centek CT-2311 <RED> 3000Вт, 450мл, керамика, капля-стоп, антинакипь, самоочистка;10401;14920;6;2
Утюг Centek CT-2311 <RED> 3000Вт, 450мл, керамика, капля-стоп, антинакипь, самоочистка;10401;14920;2;3
Утюг Centek CT-2312 3000Вт <Sensor Touch> 450мл, паровой удар, самоочистка, капля-стоп;10402;16920;1;4
Утюг Centek CT-2312 3000Вт <Sensor Touch> 450мл, паровой удар, самоочистка, капля-стоп;10402;17290;0;2
Утюг Centek CT-2314 2800 Вт, керам антиприг. подошва, паровой удар, защита от накипи, автовыключение;16484;14490;5;4
Утюг Centek CT-2314 2800 Вт, керам антиприг. подошва, паровой удар, защита от накипи, автовыключение;16484;14490;1;2
Утюг Centek CT-2317 (черный) 2800 Вт, керам. подошва, паровой удар, защита от накипи, автовыключение;16485;12165;3;4
Утюг Centek CT-2317 (черный) 2800 Вт, керам. подошва, паровой удар, защита от накипи, автовыключение;16485;15100;0;2
Утюг Centek CT-2317 BLUE (синий) 2800 Вт, керам. подошва, пар. удар, защ. от накипи, автовыключение;16486;11848;2;4
Утюг Centek CT-2317 BLUE (синий) 2800 Вт, керам. подошва, пар. удар, защ. от накипи, автовыключение;16486;11544;0;2
Утюг Centek CT-2321 Серый / 2000Вт 1,8м 210мл Антипригарное 15гр/мин Капля-стоп Самоочистка;16908;8600;4;4
Утюг Centek CT-2321 Серый / 2000Вт 1,8м 210мл Антипригарное 15гр/мин Капля-стоп Самоочистка;16908;8917;0;2
Утюг Centek CT-2321 Серый / 2000Вт 1,8м 210мл Антипригарное 15гр/мин Капля-стоп Самоочистка;16908;8599;2;3
Утюг Centek CT-2344 VIOLET 2400Вт, керамическая подошва, мощный паровой удар, самоочистка, 330мл;10415;8931;3;4
Утюг Centek CT-2344 VIOLET 2400Вт, керамическая подошва, мощный паровой удар, самоочистка, 330мл;10415;9315;0;2
Утюг Centek CT-2345 (красный/чёрный) 2600Вт, керам. подошва, мощный паровой удар, самоочистка, 285мл;15416;9956;1;4
Утюг Centek CT-2345 (красный/чёрный) 2600Вт, керам. подошва, мощный паровой удар, самоочистка, 285мл;15416;9960;0;2
Утюг Centek CT-2346 (красный) 3000Вт, МОЩНЫЙ ПАРОВОЙ УДАР, керамическая подошва, самоочистка, 380мл;10417;12820;3;4
Утюг Centek CT-2346 (красный) 3000Вт, МОЩНЫЙ ПАРОВОЙ УДАР, керамическая подошва, самоочистка, 380мл;10417;12989;0;2
Утюг Centek CT-2347 RED (красный) 1800Вт, антипригар. подошва, паровой удар, самоочистка, 200мл;15418;6989;10;4
Утюг Centek CT-2347 RED (красный) 1800Вт, антипригар. подошва, паровой удар, самоочистка, 200мл;15418;6989;3;2
Утюг Centek CT-2348 BLUE (синий) 1800Вт, КЕРАМИЧЕСКАЯ подошва, паровой удар, самоочистка, 200мл;15419;5886;7;4
Утюг Centek CT-2348 BLUE (синий) 1800Вт, КЕРАМИЧЕСКАЯ подошва, паровой удар, самоочистка, 200мл;15419;5886;0;1
Утюг Centek CT-2348 BLUE (синий) 1800Вт, КЕРАМИЧЕСКАЯ подошва, паровой удар, самоочистка, 200мл;15419;6010;1;2
Утюг Centek CT-2348 BLUE (синий) 1800Вт, КЕРАМИЧЕСКАЯ подошва, паровой удар, самоочистка, 200мл;15419;6010;0;3
Утюг Centek CT-2348 VIOLET (фиолет) 1800Вт, КЕРАМИЧЕСКАЯ подошва, паровой удар, самоочистка, 200мл;15420;7916;6;4
Утюг Centek CT-2348 VIOLET (фиолет) 1800Вт, КЕРАМИЧЕСКАЯ подошва, паровой удар, самоочистка, 200мл;15420;9790;0;2
Утюг Centek CT-2350 RED (красн) 2600Вт, КЕРАМИЧЕСКАЯ подошва, ВЫСОКАЯ МОЩНОСТЬ, 300 мл;15422;9856;8;4
Утюг Centek CT-2350 RED (красн) 2600Вт, КЕРАМИЧЕСКАЯ подошва, ВЫСОКАЯ МОЩНОСТЬ, 300 мл;15422;9620;0;2
Утюг Centek CT-2350 RED (красн) 2600Вт, КЕРАМИЧЕСКАЯ подошва, ВЫСОКАЯ МОЩНОСТЬ, 300 мл;15422;9856;1;3
Утюг Centek CT-2351 Blue (синий) 2200Вт, КЕРАМИЧЕСКАЯ подошва, 300 мл, паровой удар, самоочистка;10420;7968;1;4
Утюг Centek CT-2351 Blue (синий) 2200Вт, КЕРАМИЧЕСКАЯ подошва, 300 мл, паровой удар, самоочистка;10420;8140;0;2
Утюг Centek CT-2351 Blue (синий) 2200Вт, КЕРАМИЧЕСКАЯ подошва, 300 мл, паровой удар, самоочистка;10420;8140;3;3
Утюг Centek CT-2355 VIOLET 2500Вт, керамическ подошва, 270мл, паровой удар, самоочистка, капля-стоп;10424;9866;5;4
Утюг Centek CT-2355 VIOLET 2500Вт, керамическ подошва, 270мл, паровой удар, самоочистка, капля-стоп;10424;15990;0;17
Утюг Centek CT-2355 VIOLET 2500Вт, керамическ подошва, 270мл, паровой удар, самоочистка, капля-стоп;10424;10650;0;2
Утюг Centek CT-2356 BLUE (6 шт) 2200Вт, керамическ подошва, 250мл, паровой удар, самоочистка;11335;19129;0;2
Утюг Centek CT-2356 BLUE (6 шт) 2200Вт, керамическ подошва, 250мл, паровой удар, самоочистка;11335;11719;1;3
Утюг Centek CT-2362 3000 Вт, 450мл, керам.подошва, пар.удар, самоочистка, капля-стоп, автовыключение;11340;13713;3;4
Утюг Centek CT-2362 3000 Вт, 450мл, керам.подошва, пар.удар, самоочистка, капля-стоп, автовыключение;11340;13713;5;2
Утюг Centek CT-2362 3000 Вт, 450мл, керам.подошва, пар.удар, самоочистка, капля-стоп, автовыключение;11340;13713;1;3
Утюг Centek CT-2363 BLUE 2200 Вт, 300мл, керамическая подошва, паровой удар, самоочистка;11341;9956;4;4
Утюг Centek CT-2363 BLUE 2200 Вт, 300мл, керамическая подошва, паровой удар, самоочистка;11341;9959;0;2
Утюг Centek CT-2363 BLUE 2200 Вт, 300мл, керамическая подошва, паровой удар, самоочистка;11341;9956;4;3
Утюг WILLMARK SI-2267CB (2200Вт, керам. подошва., 210 мл, ,самоочист.,пар удар);19146;6846;1;2
Утюг WILLMARK SI-2467CBP (2400Вт, керам. подошва., 210 мл, ,самоочист.,пар удар, красный);19105;7987;1;4
Утюг WILLMARK SI-2467CBP (2400Вт, керам. подошва., 210 мл, ,самоочист.,пар удар, красный);19105;7987;0;2
Стайлер Centek CT-2093 (бел/роз)  45Вт Автоматическая завивка, Турмалиновое покрытие, быстрый нагре;16083;13920;2;4
Стайлер Centek CT-2093 (бел/роз)  45Вт Автоматическая завивка, Турмалиновое покрытие, быстрый нагре;16083;13960;0;2
Фен Centek CT-2216 черн  2000Вт, 2 скорости нагрева;18212;10539;1;4
Фен Centek CT-2226 Professional (черн/оранж) 2200Вт, мощный AC мотор, 5 режимов, 2 концентратора;15424;20440;2;4
Фен Centek CT-2226 Professional (черн/оранж) 2200Вт, мощный AC мотор, 5 режимов, 2 концентратора;15424;14500;0;2
Щипцы для завивки Centek CT-2091 черн/бронз 30вт керамика диаметр9мм;15627;5956;2;4
Щипцы для завивки Centek CT-2091 черн/бронз 30вт керамика диаметр9мм;15627;6530;0;2
Чайник Centek CT-0012 стекло 1.7л, 2200Вт, Двойные стенки, LED,Защита от перегрева, Фильтр от накипи;17723;15600;0;2
Чайник Centek CT-0012 стекло 1.7л, 2200Вт, Двойные стенки, LED,Защита от перегрева, Фильтр от накипи;17723;13670;2;3
Чайник Centek CT-0027  1.7л, 2200Вт, LED, матовый корпус, двойная защита от включения без воды;14617;9999;12;4
Чайник Centek CT-0027  1.7л, 2200Вт, LED, матовый корпус, двойная защита от включения без воды;14617;12290;0;2
Чайник Centek CT-0028 White 1.7л <2200W> двойной корпус - сталь+пластик, двойная стенка,сохран тепл;16899;10120;2;2
Чайник Centek CT-0030 стекло 1.7л, 2200Вт, внутр. LED подсветка,защита от вкл б/воды;10444;10690;0;2
Чайник Centek CT-0031 стекло 1.7л, 2200Вт, платформа, внутренний LED дисплей, 6 режимов;10445;15630;3;4
Чайник Centek CT-0031 стекло 1.7л, 2200Вт, платформа, внутренний LED дисплей, 6 режимов;10445;15690;0;2
Чайник Centek CT-0031 стекло 1.7л, 2200Вт, платформа, внутренний LED дисплей, 6 режимов;10445;15630;7;3
Чайник Centek CT-0034  серый Vancouver стекло, 1.8л, 2200Вт, внутренняя LED подсветка, кнопка;19188;8866;3;4
Чайник Centek CT-0034  серый Vancouver стекло, 1.8л, 2200Вт, внутренняя LED подсветка, кнопка;19188;8872;0;2
Чайник Centek CT-0037 (матовый) металл 2,0л, 2100W, большой объём, хромированная вставка;10450;6989;6;4
Чайник Centek CT-0037 (матовый) металл 2,0л, 2100W, большой объём, хромированная вставка;10450;6990;0;2
Чайник Centek CT-0042 Violet стекло, 1.8л, 2200Вт, внутренняя LED подсветка, кнопка;10907;16847;1;17
Чайник Centek CT-0042 Violet стекло, 1.8л, 2200Вт, внутренняя LED подсветка, кнопка;10907;10490;3;2
Чайник Centek CT-0042 Violet стекло, 1.8л, 2200Вт, внутренняя LED подсветка, кнопка;10907;10490;2;3
Чайник Centek CT-0046 стекло, 1.7л, 2200Вт, внутренняя LED подсветка, отделка нерж;10908;9667;0;2
Чайник Centek CT-0046 стекло, 1.7л, 2200Вт, внутренняя LED подсветка, отделка нерж;10908;9656;1;3
Чайник Centek CT-1068 RED (красный) металл 2л, 2000W, хромированная вставка на крышке;10463;11690;0;2
Чайник Centek CT-1068 RED (красный) металл 2л, 2000W, хромированная вставка на крышке;10463;6556;1;3
Электрический чайник making Oasis everywhere K-8GI;17604;6489;0;2
Электрический чайник making Oasis everywhere K-8GI;17604;6489;0;3
Электрический чайник making Oasis everywhere K-8GS;17605;6889;6;2
Электрический чайник making Oasis everywhere K-8GS;17605;6889;0;3
Электрический чайник making Oasis everywhere K-8GW;18442;6789;1;2
Чайник эл. K-809 (1,8л, поворот на 360°, свет. индикат. раб., корп. из нерж. стали, 1800Вт);19149;2544;9;2
Чайник эл.WILLMARK WEK-1758S(1.7л,нерж.сталь,смотр.окно,пов.на 360 град.,сетч.фильтр,2200Вт)жёлтый;19150;7676;2;2
Чайник эл.WILLMARK WEK-1758S(1.7л,нерж.сталь,смотр.окно,пов.на 360 град.,сетч.фильтр,2200Вт)жёлтый;19150;7676;1;3
Чайник эл.WILLMARK WEK-1758S(1.7л,нерж.сталь,смотр.окно,пов.на 360 град.,сетч.фильтр,2200Вт)оранж;19152;9938;4;2
Чайник эл.WILLMARK WEK-2012PS(2.0л,двойные стенки,эффект термоса,пов.на 360 град.,2000Вт тём красн;19155;9138;0;2
Чайник эл.WILLMARK WEK-2012PS(2.0л,двойные стенки,эффект термоса,пов.на 360 град.,2000Вт тём красн;19155;9138;1;3
Часы настенные Centek СТ-7105 <Black>(черный)23 см диам., круг, шаговый ход, кварцевый механизм;15472;2797;2;4
Часы настенные Centek СТ-7105 <Black>(черный)23 см диам., круг, шаговый ход, кварцевый механизм;15472;2890;0;2
Часы настенные Centek СТ-7106 <Black> (черный) 30 см диам., шаговый ход, кварцевый механизм;16887;3884;5;2
Жарочный шкаф Centek CT-1531-42 CONVECTION (черн) <42л> 1600Вт, 5 режимов, конвекция;15450;61913;1;4
Плитка газовая Centek CT-1522 (белая), настольная, 3 конфорки (БЕЗ сменных форсунок);10329;11135;1;4
Плитка газовая Centek CT-1522 (белая), настольная, 3 конфорки (БЕЗ сменных форсунок);10329;10990;0;2
Плитка газовая Centek CT-1522 (белая), настольная, 3 конфорки (БЕЗ сменных форсунок);10329;11135;1;3
Плитка индукционная Centek CT-1517 White <2000Вт> 8 настр. мощности, 7 программ, таймер, LED-дисплей;11121;20843;1;4
Плитка индукционная Centek CT-1517 White <2000Вт> 8 настр. мощности, 7 программ, таймер, LED-дисплей;11121;20843;1;2
Плитка индукционная Centek CT-1519 <2000Вт> 8 настр. мощнос, 6 программ, LED-дисплей таймер, сенсор.;11122;26980;4;4
Плитка индукционная Centek CT-1519 <2000Вт> 8 настр. мощнос, 6 программ, LED-дисплей таймер, сенсор.;11122;26980;3;2
Плитка электрическая Centek CT-1507 (белый) 2конф ЧУГУН 155мм, 2000Вт, индикатор работы;10335;10916;6;4
Плитка электрическая Centek CT-1507 (белый) 2конф ЧУГУН 155мм, 2000Вт, индикатор работы;10335;12624;0;2
Плитка электрическая Centek CT-1507 (белый) 2конф ЧУГУН 155мм, 2000Вт, индикатор работы;10335;10916;1;3
Плитка электрическая Centek CT-1507 <Siberia>  2конф ЧУГУН 155мм, 2000Вт, индикатор работы;10337;10362;1;2
Плитка электрическая Centek CT-1508 (белая) 1конфорка ТЭН 140мм, 1000Вт, индикатор работы;10342;3990;1;17
Плитка электрическая Centek CT-1508 (белая) 1конфорка ТЭН 140мм, 1000Вт, индикатор работы;10342;3690;0;2
Плитка электрическая Centek CT-1508 (белая) 1конфорка ТЭН 140мм, 1000Вт, индикатор работы;10342;3967;1;3
Плитка электрическая Centek CT-1509 (Siberia) 2 конфорки ТЭН 140мм, 2000Вт, индикатор работы;10345;12332;1;17
Плитка электрическая Centek CT-1509 (Siberia) 2 конфорки ТЭН 140мм, 2000Вт, индикатор работы;10345;9400;0;1
Плитка электрическая Centek CT-1509 (Siberia) 2 конфорки ТЭН 140мм, 2000Вт, индикатор работы;10345;9400;0;2
Плитка электрическая Centek CT-1509 (белая) 2конфорки ТЭН 140мм, 2000Вт, индикатор работы;10346;12287;1;17
Плитка электрическая Centek CT-1509 (белая) 2конфорки ТЭН 140мм, 2000Вт, индикатор работы;10346;8990;0;2
Плитка электрическая Centek CT-1509 (белая) 2конфорки ТЭН 140мм, 2000Вт, индикатор работы;10346;12287;4;3
"Настольная индукционная плита ""making Oasis everywhere"" РI-B12SK";17402;30980;0;2
"Настольная индукционная плита ""making Oasis everywhere"" РI-B12SK";17402;23168;1;3
"Настольная индукционная плита ""making Oasis everywhere"" РI-B24SL";18005;18990;0;2
"Настольная индукционная плита ""making Oasis everywhere"" РI-B24SL";18005;18918;1;3
"Настольная индукционная плита ""making Oasis everywhere"" РI-W3SK";18009;17679;1;2
"Электрическая мини печь ""making Оasis everywhere"" M-37 В";18761;29890;28;2
"Электрическая мини печь ""making Оasis everywhere"" M-37 В";18761;29890;0;3
Мини-печь SHIVAKI MD 3216 E white;14799;24549;1;17
Мини-печь SHIVAKI MD 3216 E white;14799;22989;0;2
Мини-печь SHIVAKI MD 3216 E white;14799;23800;0;3
Плита элек. WILLMARK HS-111TW (1 спиральная конфорка*140mm, 1000Вт);19123;2989;0;2
Плита элек. WILLMARK HS-111TW (1 спиральная конфорка*140mm, 1000Вт);19123;2989;1;3
СВЧ Centek CT-1560 (Black) 700W, 20л, 5 режимов, таймер, подсветка, открыван дверцы ручкой;11123;39020;4;4
СВЧ Centek CT-1560 (Black) 700W, 20л, 5 режимов, таймер, подсветка, открыван дверцы ручкой;11123;38090;0;17
СВЧ Centek CT-1560 (Black) 700W, 20л, 5 режимов, таймер, подсветка, открыван дверцы ручкой;11123;39020;5;2
СВЧ Centek CT-1560 (Black) 700W, 20л, 5 режимов, таймер, подсветка, открыван дверцы ручкой;11123;39020;2;3
СВЧ Centek CT-1560 (White) 700W, 20л, 5 режимов, таймер, подсветка, открыван дверцы ручкой;11124;36820;3;4
СВЧ Centek CT-1560 (White) 700W, 20л, 5 режимов, таймер, подсветка, открыван дверцы ручкой;11124;36820;5;2
СВЧ Centek CT-1560 (White) 700W, 20л, 5 режимов, таймер, подсветка, открыван дверцы ручкой;11124;36820;2;3
СВЧ Centek CT-1575 (черный) 20л, 700Вт, мех. управление, подсветка, таймер, 6 режимов, тарелка 245мм;10897;41226;2;4
СВЧ Centek CT-1575 (черный) 20л, 700Вт, мех. управление, подсветка, таймер, 6 режимов, тарелка 245мм;10897;41226;2;1
СВЧ Centek CT-1575 (черный) 20л, 700Вт, мех. управление, подсветка, таймер, 6 режимов, тарелка 245мм;10897;41226;4;2
СВЧ Centek CT-1575 (черный) 20л, 700Вт, мех. управление, подсветка, таймер, 6 режимов, тарелка 245мм;10897;41226;2;3
СВЧ Centek CT-1575 White (Белый) 700W, 20л, 6 уровней мощности, подсветка, открывание ручкой;16078;40020;4;2
СВЧ Centek CT-1575 White (Белый) 700W, 20л, 6 уровней мощности, подсветка, открывание ручкой;16078;40020;2;3
СВЧ Centek CT-1577 (белый) 700W, 20л, кнопка, хромированные переключатели, таймер;10899;37840;4;4
СВЧ Centek CT-1577 (белый) 700W, 20л, кнопка, хромированные переключатели, таймер;10899;37860;1;17
СВЧ Centek CT-1577 (белый) 700W, 20л, кнопка, хромированные переключатели, таймер;10899;37720;4;2
СВЧ Centek CT-1577 (белый) 700W, 20л, кнопка, хромированные переключатели, таймер;10899;37720;3;3
Микроволновая печь OPTIMA MO-2023W (20л, 700Вт,механич.ПУ, ручка д/откр.дверцы, 5 ур.мощн.,белая);19071;41201;0;2
Микроволновая печь OPTIMA MO-2023W (20л, 700Вт,механич.ПУ, ручка д/откр.дверцы, 5 ур.мощн.,белая);19071;41201;1;3
"Конвектор модель LK-15 ""Oasis""";15649;15960;1;4
"Конвектор модель LK-15 ""Oasis""";15649;14890;0;2
"Масляный радиатор  ""Оазис"" модель UT-20";4137;18230;14;2
"Масляный радиатор  ""Оазис"" модель UT-20";4137;18230;7;3
"Тепловентилятор спиральный  SG-20  R  ""Оазис""";17871;5000;0;2
"Тепловентилятор спиральный  SG-20  R  ""Оазис""";17871;8889;2;3
Посудомоечная машина Бытовая Бирюса DWB 614/6;18120;139090;1;4
Посудомоечная машина Бытовая Бирюса DWB 614/6;18120;139090;2;2
Пылесос Artel  VCU 0120  grey;10500;38457;1;17
Пылесос Artel  VCU 0120  grey;10500;35759;0;2
Пылесос Artel  VCU 0120  синий;6979;41980;1;2
Пылесос Artel  VCU 0120  синий;6979;43820;2;3
Пылесос Centek CT-2524 (черный/красный) циклон, 2300/420Вт (!!!), низкий уровень шума, телескоп;10883;48330;4;4
Пылесос Centek CT-2524 (черный/красный) циклон, 2300/420Вт (!!!), низкий уровень шума, телескоп;10883;48400;0;2
Пылесос Centek CT-2524 (черный/серый) циклон, 2300/420Вт (!!!), низкий уровень шума, телескоп;10884;51600;4;4
Пылесос Centek CT-2524 (черный/серый) циклон, 2300/420Вт (!!!), низкий уровень шума, телескоп;10884;46430;0;2
Пылесос Centek CT-2524 (черный/серый) циклон, 2300/420Вт (!!!), низкий уровень шума, телескоп;10884;51600;2;3
Пылесос Centek CT-2528 Red мультициклон 2000/350Вт, стакан 1,5 л , телескоп металл. трубка;10354;37786;2;4
Пылесос Centek CT-2528 Red мультициклон 2000/350Вт, стакан 1,5 л , телескоп металл. трубка;10354;33136;0;2
Пылесос Centek CT-2528 Red мультициклон 2000/350Вт, стакан 1,5 л , телескоп металл. трубка;10354;37786;1;3
Пылесос Centek CT-2530 (красн/черн) мультициклон 2300/400Вт, стакан 2 л , телескоп металл. трубка;10885;47777;0;2
Пылесос Centek CT-2530 (красн/черн) мультициклон 2300/400Вт, стакан 2 л , телескоп металл. трубка;10885;68359;2;3
Пылесос Centek CT-2531 (красн/черн) мультициклон 1800/350Вт, стакан 1,5 л;11327;22271;7;4
Пылесос Centek CT-2531 (красн/черн) мультициклон 1800/350Вт, стакан 1,5 л;11327;22271;3;2
Пылесос Centek CT-2531 (красн/черн) мультициклон 1800/350Вт, стакан 1,5 л;11327;22271;2;3
Пылесос Centek CT-2503 (белый/оранж) 2000/400Вт, регулятор мощности, телескоп, мешок 2.5л;11777;59829;0;2
Пылесос Centek CT-2503 (белый/оранж) 2000/400Вт, регулятор мощности, телескоп, мешок 2.5л;11777;34692;1;3
SHIVAKI VC 120 Con RD;18790;37892;2;2
SHIVAKI VC 120 Con RD;18790;37892;1;3
Пылесос SHIVAKI VCC 0120 red;11878;37892;6;4
Пылесос SHIVAKI VCC 0120 red;11878;38200;0;2
Пылесос SHIVAKI VCU 0120 синий;11848;42044;3;4
Пылесос SHIVAKI VCU 0120 синий;11848;42044;3;17
Пылесос SHIVAKI VCU 0120 синий;11848;39545;0;2
Пылесос SHIVAKI VCU 0120 синий;11848;42044;1;3
SHIVAKI VC 120 Bag RD;18901;34790;0;2
SHIVAKI VC 120 Bag RD;18901;34790;2;3
SHIVAKI VC 316 Bag RD;18560;28130;5;4
SHIVAKI VC 316 Bag RD;18560;28130;3;17
SHIVAKI VC 316 Bag RD;18560;28130;2;3
SHIVAKI VC 316 Bag WHT;18556;26500;4;4
SHIVAKI VC 316 Bag WHT;18556;26500;4;17
SHIVAKI VC 316 Bag WHT;18556;26490;2;3
Пылесос SHIVAKI VCB 0120 белый;4765;33280;1;17
Пылесос SHIVAKI VCB 0120 белый;4765;35579;0;2
Пылесос SHIVAKI VCB 0120 серый;4780;34000;5;4
Пылесос SHIVAKI VCB 0120 серый;4780;33990;1;17
Пылесос SHIVAKI VCB 0120 серый;4780;36700;0;2
"Пылесос WILLMARK VC-2421CYM (Циклон,телескоп.трубка, 3л, 2000Вт,щетка ""Multi power"",фиолет";19139;37900;0;2
"Пылесос WILLMARK VC-2421CYM (Циклон,телескоп.трубка, 3л, 2000Вт,щетка ""Multi power"",фиолет";19139;32980;2;3
Пылесос WILLMARK VC-2630CYM(трубка телескоп/металл.,2000Вт,мощ.всас.450Вт,2,5л,бордовый;19090;39900;0;2
Робот пылесос РС11;18239;62564;4;4
"Стиральная  машина ARTEL ""WF60F010AG"" brown";15505;138953;3;4
"Стиральная  машина ARTEL ""WF60F010AG"" brown";15505;141160;0;1
"Стиральная  машина ARTEL ""WF60F010AG"" brown";15505;142018;0;2
"Стиральная  машина ARTEL ""WF60F010AS"" grey";15506;138963;2;4
"Стиральная  машина ARTEL ""WF60F010AS"" grey";15506;148741;0;2
"Стиральная  машина ARTEL ""WF60F010AS"" grey";15506;139643;0;3
"Стиральная  машина ARTEL ""WF60F010AW"" white";15629;130767;3;4
"Стиральная  машина ARTEL ""WF60F010AW"" white";15629;142615;0;2
"Стиральная  машина ARTEL ""WF60F010AW"" white";15629;131447;0;3
"Стиральная  машина ARTEL ""WF60H023CG"" brown";15277;149920;1;4
"Стиральная  машина ARTEL ""WF60H023CG"" brown";15277;151300;0;2
"Стиральная  машина ARTEL ""WF60H023CW"" white";15276;157580;2;4
"Стиральная  машина ARTEL ""WF60H023CW"" white";15276;157600;0;2
Стиральная машина Centek CT-1901 белый) 1000/6кг/40см/23пр;17793;124869;3;4
Стиральная машина Centek CT-1901 белый) 1000/6кг/40см/23пр;17793;124869;11;2
Стиральная машина Centek CT-1901 белый) 1000/6кг/40см/23пр;17793;124869;4;3
Стиральная машина Centek CT-1910 (белый) 1000 / 6кг / 40см / 23пр /LED-Дисплей/Очистка барабана/A+;16492;135713;2;4
Стиральная машина Centek CT-1910 (белый) 1000 / 6кг / 40см / 23пр /LED-Дисплей/Очистка барабана/A+;16492;135713;4;2
Стиральная машина Centek CT-1910 (белый) 1000 / 6кг / 40см / 23пр /LED-Дисплей/Очистка барабана/A+;16492;135713;4;3
СТИРАЛЬНАЯ МАШИНА БИРЮСА WM-HB610/10;11195;118000;0;4
СТИРАЛЬНАЯ МАШИНА БИРЮСА WM-HB610/10;11195;114485;1;17
СТИРАЛЬНАЯ МАШИНА БИРЮСА WM-HB610/10;11195;118000;2;2
СТИРАЛЬНАЯ МАШИНА БИРЮСА WM-HB610/10;11195;118000;0;3
СТИРАЛЬНАЯ МАШИНА БИРЮСА WM-HB712/10;11545;119862;0;2
СТИРАЛЬНАЯ МАШИНА БИРЮСА WM-HB712/10;11545;119736;0;3
СТИРАЛЬНАЯ МАШИНА БИРЮСА WM-ME712/04;16718;115827;0;4
СТИРАЛЬНАЯ МАШИНА БИРЮСА WM-ME712/04;16718;114494;3;17
СТИРАЛЬНАЯ МАШИНА БИРЮСА WM-ME712/04;16718;115827;0;2
СТИРАЛЬНАЯ МАШИНА БИРЮСА WM-ME712/04;16718;119934;0;3
СТИРАЛЬНАЯ МАШИНА БИРЮСА WM-MK814/03;17590;159226;0;4
СТИРАЛЬНАЯ МАШИНА БИРЮСА WM-MK814/03;17590;159226;0;2
СТИРАЛЬНАЯ МАШИНА БИРЮСА WM-MK814/03;17590;171600;0;3
СТИРАЛЬНАЯ МАШИНА БИРЮСА WM-SBM1014/15;17518;203977;1;4
СТИРАЛЬНАЯ МАШИНА БИРЮСА WM-SBM1014/15;17518;237990;1;2
СТИРАЛЬНАЯ МАШИНА БИРЮСА WM-SC914/15W;19555;232326;1;2
СТИРАЛЬНАЯ МАШИНА БИРЮСА WM-SL814/15 M;17536;166999;2;2
СТИРАЛЬНАЯ МАШИНА БИРЮСА WM-SL814/15 M;17536;181790;0;3
СТИРАЛЬНАЯ МАШИНА БИРЮСА WMD-SM812/03M;19552;192053;2;2
Стиральная машина SHIVAKI TE 45 P белый;11849;49889;0;17
Стиральная машина SHIVAKI TE 45 P белый;11849;49889;3;2
Стиральная машина SHIVAKI TE 45 P белый;11849;54390;0;3
Стиральная машина SHIVAKI TE 45 P синий;11880;65610;10;4
Стиральная машина SHIVAKI TE 45 P синий;11880;65610;8;17
Стиральная машина SHIVAKI TE 45 P синий;11880;65600;2;2
Стиральная машина SHIVAKI TE 45 P синий;11880;63638;0;3
Стиральная машина SHIVAKI TG 100 FP Nature 02;16706;72206;1;4
Стиральная машина SHIVAKI TG 100 FP Nature 02;16706;72962;0;2
Стиральная машина SHIVAKI TG 110 FP  Nature 02;17674;95990;5;4
Стиральная машина SHIVAKI TG 110 FP  Nature 02;17674;95990;0;2
Стиральная машина SHIVAKI TG 70 P Nature 03;16985;56145;4;4
Стиральная машина SHIVAKI TG 70 P Nature 03;16985;56145;8;17
Стиральная машина SHIVAKI TG 70 P Nature 03;16985;56160;0;2
Стиральная машина SHIVAKI TG 70 P Nature 03;16985;56160;1;3
Стиральная машина SHIVAKI TM 65  blue;14268;62499;4;4
Стиральная машина SHIVAKI TM 65  blue;14268;62489;1;17
Стиральная машина SHIVAKI TM 65  blue;14268;57740;0;2
Стиральная машина SHIVAKI TM 65  red;14166;58527;1;4
Стиральная машина SHIVAKI TM 65  red;14166;64099;0;2
Стиральная машина SHIVAKl TG 100 FP Water 01;16621;72170;9;4
Стиральная машина SHIVAKl TG 100 FP Water 01;16621;72170;4;1
Стиральная машина SHIVAKl TG 100 FP Water 01;16621;72170;10;2
Стиральная машина SHIVAKl TG 100 FP Water 01;16621;72170;2;3
Стиральная машина SHIVAKl TG 90P  Abstract 01;16598;66745;3;4
Стиральная машина SHIVAKl TG 90P  Abstract 01;16598;63600;0;2
Стиральная машина SHIVAKl TG 90P  Abstract 01;16598;66745;0;3
Стиральная машина SHIVAKl TG 90P  Nature 01;16599;66473;4;4
Стиральная машина SHIVAKl TG 90P  Nature 01;16599;66473;2;17
Стиральная машина SHIVAKl TG 90P  Nature 01;16599;66473;2;2
Стиральная машина SHIVAKl TG 90P  Nature 01;16599;66484;0;3
Холодильник SHIVAKI HD 345 RN  steel stone;15225;151690;6;4
Холодильник SHIVAKI HD 345 RN  steel stone;15225;151690;0;17
Холодильник SHIVAKI HD 345 RN  steel stone;15225;151690;2;2
Холодильник SHIVAKI HD 345 RN  steel stone;15225;151690;1;3
Холодильник SHIVAKI HD 345 RN moist;16291;155865;1;2
Холодильник SHIVAKI HD 345 RN moist;16291;155865;0;3
Холодильник SHIVAKI HD 430 R WENE White;14012;200490;9;2
Холодильник SHIVAKI HD 455 R WENE White;14014;234980;6;2
Холодильник SHIVAKI HS 137 RN silver;15096;86998;6;4
Холодильник SHIVAKI HS 137 RN silver;15096;86998;2;17
Холодильник SHIVAKI HS 137 RN silver;15096;88865;0;2
Холодильник SHIVAKI HS 137 RN silver;15096;86998;1;3
Холодильник SHIVAKI HS 137 RN white;14269;84935;1;4
Холодильник SHIVAKI HS 137 RN white;14269;84935;1;17
Холодильник SHIVAKI HS 137 RN white;14269;84935;4;2
Холодильник SHIVAKI HS 137 RN white;14269;84935;2;3
Холодильник SHIVAKI HD 276FN белый;14037;122970;3;17
Холодильник SHIVAKI HD 276FN белый;14037;122980;2;1
Холодильник SHIVAKI HD 276FN белый;14037;122980;4;2
Холодильник SHIVAKI HD 276FN белый;14037;122980;3;3
Холодильник SHIVAKI HD 316 FN  white;15224;136990;3;4
Холодильник SHIVAKI HD 316 FN  white;15224;139790;0;17
Холодильник SHIVAKI HD 316 FN  white;15224;136980;1;2
Морозильный ларь марки SHIVAKI-Frigo Gool Модель - SFA 148 Red;15125;216836;5;4
Морозильный ларь марки SHIVAKI-Frigo Gool Модель - SFA 148 Red;15125;216930;0;1
Морозильный ларь марки SHIVAKI-Frigo Gool Модель - SFA 148 Red;15125;224890;0;2
Морозильники Xing BD/BC-217;18630;98790;3;2
Морозильники Xing BD/BC-217;18630;98790;1;3
Холодильник  Бирюса HC-12P2;18106;62721;2;17
Холодильник  Бирюса HC-12P2;18106;63380;0;1
Холодильник  Бирюса HC-12P2;18106;63400;0;2
Холодильник  Бирюса HC-18P1;18107;72480;1;4
Холодильник  Бирюса HC-18P1;18107;69253;2;17
Холодильник  Бирюса HC-18P1;18107;71400;0;2
Холодильник  Бирюса HC-18P2;18108;72423;2;17
Холодильник  Бирюса HC-18P2;18108;77000;0;2
Холодильник  Бирюса HC-24G1;18109;100560;0;2
Холодильник  Бирюса HC-24G1;18109;95284;1;3
Холодильник  Бирюса HC-24G2;18110;93518;0;2
Холодильник  Бирюса HC-24G2;18110;96305;1;3
Холодильник  Бирюса HC-24P1;18111;79891;1;4
Холодильник  Бирюса HC-24P1;18111;79891;1;2
Витрина холодильная Бирюса-461RN;11690;229500;0;4
Витрина холодильная Бирюса-461RN;11690;229470;0;2
Витрина холодильная Бирюса-461RN;11690;229470;0;3
Витрина холодильная Бирюса-B390D;19558;238500;2;2
Витрина холодильная Бирюса-B390D;19558;238500;1;3
Морозильник Бирюса М6046;17522;154381;2;4
Морозильник Бирюса М6046;17522;165000;3;2
Морозильник Бирюса-114;449;124690;0;4
Морозильник Бирюса-114;449;124690;7;2
Морозильник Бирюса-114;449;124690;4;3
Морозильник Бирюса-14;50;116704;0;2
Морозильник Бирюса-14;50;121900;0;3
Морозильник Бирюса 6047SN;17097;177880;0;2
Морозильник Бирюса М6047SN;17523;189980;0;2
Морозильник Бирюса М6047SN;17523;193980;0;3
Холодильник морозильник типа I Бирюса M6046SN;18183;169084;1;4
Холодильник Бирюса- 110;4404;95390;0;4
Холодильник Бирюса- 110;4404;105990;0;2
Холодильник Бирюса-50;7738;43979;0;17
Холодильник Бирюса-50;7738;43990;0;2
Холодильник Бирюса-70;8097;53760;0;4
Холодильник Бирюса-70;8097;54390;12;17
Холодильник Бирюса-70;8097;54390;0;2
Холодильник Бирюса-70;8097;54349;3;3
Холодильник Бирюса-95;19292;69900;2;4
Холодильник Бирюса-95;19292;64689;12;17
Холодильник Бирюса-95;19292;69900;6;2
Холодильник Бирюса-95;19292;69900;0;3
Холодильник-морозильник типа I Бирюса - 153;56;118990;1;2
Холодильник-морозильник типа I Бирюса - 153;56;118990;1;3
Холодильник морозильник типа I Бирюса 6041;15956;125290;0;4
Холодильник морозильник типа I Бирюса 6041;15956;125031;0;17
Холодильник морозильник типа I Бирюса 6041;15956;125290;0;2
Холодильник морозильник типа I Бирюса 6041;15956;125290;0;3
Холодильник-морозильник типа I Бирюса 6027;14512;152590;0;1
Холодильник-морозильник типа I Бирюса 6027;14512;152590;2;2
Холодильник-морозильник типа I Бирюса 6027;14512;151090;0;3
Холодильник-морозильник типа I Бирюса 6031;14514;156470;1;4
Холодильник-морозильник типа I Бирюса 6031;14514;164889;0;17
Холодильник-морозильник типа I Бирюса 6031;14514;164890;0;2
Холодильник-морозильник типа I Бирюса 6031;14514;156470;6;3
Холодильник-морозильник типа I Бирюса 6033;14515;133890;0;4
Холодильник-морозильник типа I Бирюса 6033;14515;140190;0;1
Холодильник-морозильник типа I Бирюса 6033;14515;140190;0;2
Холодильник-морозильник типа I Бирюса 6033;14515;140190;0;3
Холодильник-морозильник типа I Бирюса 6049;14518;159790;0;17
Холодильник-морозильник типа I Бирюса 6049;14518;156500;0;2
Холодильник-морозильник типа I Бирюса 6049;14518;159790;0;3
Холодильник-морозильник типа I Бирюса M6027;14511;159990;3;4
Холодильник-морозильник типа I Бирюса M6027;14511;159990;2;2
Холодильник-морозильник типа I Бирюса M6027;14511;159990;0;3
Холодильник-морозильник типа I Бирюса M6031;14513;167509;5;17
Холодильник-морозильник типа I Бирюса M6031;14513;169890;0;2
Холодильник-морозильник типа I Бирюса M6031;14513;169890;1;3
Холодильник-морозильник типа I Бирюса M6033;14662;143428;2;1
Холодильник-морозильник типа I Бирюса M6033;14662;143428;0;2
Холодильник-морозильник типа I Бирюса M6033;14662;140957;0;3
Холодильник-морозильник типа I Бирюса M6034;14516;134533;2;4
Холодильник-морозильник типа I Бирюса M6034;14516;131790;0;2
Холодильник-морозильник типа I Бирюса M6034;14516;133960;0;3
Холодильник-морозильник типа I Бирюса M6049;14517;168860;1;2
Холодильник-морозильник типа I Бирюса M6049;14517;168790;0;3
Холодильник-морозильник типа I Бирюса W6034;14803;156282;1;2
Холодильник-морозильник типа I Бирюса-118;1158;112990;0;4
Холодильник-морозильник типа I Бирюса-118;1158;112977;0;17
Холодильник-морозильник типа I Бирюса-118;1158;112990;0;1
Холодильник-морозильник типа I Бирюса-118;1158;112990;11;2
Холодильник-морозильник типа I Бирюса-118;1158;112990;0;3
Холодильник-морозильник типа I Бирюса-120;2070;119700;0;4
Холодильник-морозильник типа I Бирюса-120;2070;119700;0;1
Холодильник-морозильник типа I Бирюса-120;2070;119700;0;2
Холодильник-морозильник типа I Бирюса-120;2070;119700;0;3
Холодильник-морозильник типа  Бирюса B960NF;18297;205485;3;17
Холодильник-морозильник типа  Бирюса M920NF;18123;181690;3;4
Холодильник-морозильник типа  Бирюса M920NF;18123;214000;0;2
Холодильник-морозильник типа  Бирюса M960NF;18124;198980;1;4
Холодильник-морозильник типа  Бирюса M960NF;18124;216800;0;2
Холодильник-морозильник типа  Бирюса W960NF;18298;194890;3;17
"Шкаф холодильный типа ""ларь"" Бирюса  155 KХ";7505;90600;0;1
"Шкаф холодильный типа ""ларь"" Бирюса  155 KХ";7505;94411;0;2
"Шкаф холодильный типа ""ларь"" Бирюса  155 KХ";7505;88380;0;3
"Шкаф холодильный типа ""ларь"" Бирюса  210 КХ";7455;102890;0;4
"Шкаф холодильный типа ""ларь"" Бирюса  210 КХ";7455;110024;0;17
"Шкаф холодильный типа ""ларь"" Бирюса  210 КХ";7455;102890;0;1
"Шкаф холодильный типа ""ларь"" Бирюса  210 КХ";7455;102890;0;2
"Шкаф холодильный типа ""ларь"" Бирюса  210 КХ";7455;102980;2;3
"Шкаф холодильный типа ""ларь"" Бирюса  240 KX";7399;119280;0;4
"Шкаф холодильный типа ""ларь"" Бирюса  240 KX";7399;119280;0;2
"Шкаф холодильный типа ""ларь"" Бирюса  240 KX";7399;119280;0;3
"Шкаф холодильный типа ""ларь"" Бирюса  285 KX";7401;132350;1;4
"Шкаф холодильный типа ""ларь"" Бирюса  285 KX";7401;132400;9;17
"Шкаф холодильный типа ""ларь"" Бирюса  285 KX";7401;132279;3;2
"Шкаф холодильный типа ""ларь"" Бирюса  285 KX";7401;132350;6;3
"Шкаф холодильный типа ""ларь"" Бирюса-115 KX";9996;81490;1;4
"Шкаф холодильный типа ""ларь"" Бирюса-115 KX";9996;90990;0;2
"Шкаф холодильный типа ""ларь"" Бирюса-305 KX";7402;132000;6;4
"Шкаф холодильный типа ""ларь"" Бирюса-305 KX";7402;132000;9;17
"Шкаф холодильный типа ""ларь"" Бирюса-305 KX";7402;128418;0;2
"Шкаф холодильный типа ""ларь"" Бирюса-305 KX";7402;128418;0;3
"Шкаф холодильный типа ""ларь"" Бирюса-455 KХ";7506;189890;0;2
"Шкаф холодильный типа ""ларь"" Бирюса-455 KХ";7506;189970;0;3
Электрич. накопит-ный водонагреватель Oasis Eco ER-30;18985;40500;0;2
Электрич. накопит-ный водонагреватель Oasis Eco ER-80;18987;48434;14;2
Электрич. накопит-ный водонагреватель Oasis Eco ER-80;18987;53100;0;3
Электрич. накопит-ный водонагреватель OASIS LN-15 (над раковиной);18976;39078;0;2
Электрич. накопит-ный водонагреватель OASIS LN-15 (над раковиной);18976;39078;1;3
Электрич. накопит-ный водонагреватель OASIS LP-10 ( под раковиной);18978;29969;13;2
Электрич. накопит-ный водонагреватель OASIS Z-80 ч/б;18981;114066;0;2
Электрич. накопит-ный водонагреватель OASIS Z-80 ч/б;18981;113603;1;3
Электрич. накопит-ный водонагреватель OASIS АР-50;18974;72889;3;2
Электрич. накопит-ный водонагреватель OASIS АР-80;18975;88570;4;2
Электрич. накопит-ный водонагреватель OASIS АР-80;18975;92800;0;3
Водонагреватель SHIVAKI SH WH 1.5 50  steel;14773;47977;6;4
Водонагреватель SHIVAKI SH WH 1.5 50  steel;14773;49590;0;2
Водонагреватель SHIVAKI SH WH 1.5 50  steel;14773;47977;0;3
Водонагреватель SHIVAKI SH WH 1.5 50S (слим);14116;59500;1;4
Водонагреватель SHIVAKI SH WH 1.5 50S (слим);14116;59490;1;17
Водонагреватель SHIVAKI SH WH 1.5 50S (слим);14116;59500;2;1
Водонагреватель SHIVAKI SH WH 1.5 50S (слим);14116;59490;2;2
Водонагреватель SHIVAKI SH WH 1.5 50S (слим);14116;59490;0;3
Водонагреватель SHIVAKI SH WH 2.0 120;14671;69347;1;4
Водонагреватель SHIVAKI SH WH 2.0 120;14671;66998;0;2
Водонагреватель SHIVAKI SH WH 2.0 80 steel;15048;56015;12;4
Водонагреватель SHIVAKI SH WH 2.0 80 steel;15048;62400;0;2
Фиеста комод 850 (венге/лоредо);15699;45200;0;17
Фиеста комод 850 (венге/лоредо);15699;45200;0;2
001_Салерно_Зеркало LUS Украина (белый);6680;23100;0;2
001_Салерно_Зеркало LUS Украина (белый);6680;23100;0;3
Каспиан 030 Шкаф с зеркалом SZF 1D2S_p (венге);776;86200;0;2
Соната-32 Шкаф 2D2S (каштан);2377;114200;0;4
Соната-32 Шкаф 2D2S (каштан);2377;114200;0;2
Индиана-21 шкаф JSZF 3d2s Украина (сосна античная);5500;16900;0;2
Агата 351 кресло 1х (1173 темно-серый (Savanna plus Grafit));17550;43990;0;2
Алиса Кровать 160х200 (белая);16807;63790;0;4
Алиса Кровать 160х200 (белая);16807;63790;0;2
001_Салерно_Зеркало LUS Украина (белый);6680;23100;10;14
001_Салерно_Зеркало LUS Украина (белый);6680;23100;3;4
Соната-32 Шкаф 2D2S (каштан);2377;114200;1;4
